{
  "classifier": "Gradient Boosting",
  "metrics": {
    "classifier": "Gradient Boosting",
    "accuracy": 0.9663,
    "precision": 0.9471,
    "recall": 0.9889,
    "f1": 0.9676,
    "auc": 0.9945
  },
  "classification_report": {
    "Legitim": {
      "precision": 0.9879670677644079,
      "recall": 0.942883046237534,
      "f1-score": 0.964898716561002,
      "support": 3309.0
    },
    "Spam/Phishing": {
      "precision": 0.9471328671328672,
      "recall": 0.9889018691588785,
      "f1-score": 0.9675667952564652,
      "support": 3424.0
    },
    "accuracy": 0.9662854596762216,
    "macro avg": {
      "precision": 0.9675499674486375,
      "recall": 0.9658924576982062,
      "f1-score": 0.9662327559087336,
      "support": 6733.0
    },
    "weighted avg": {
      "precision": 0.967201242283583,
      "recall": 0.9662854596762216,
      "f1-score": 0.9662555413721212,
      "support": 6733.0
    }
  }
}