{
  "classifier": "Logistic Regression",
  "metrics": {
    "classifier": "Logistic Regression",
    "accuracy": 0.9898,
    "precision": 0.9855,
    "recall": 0.9945,
    "f1": 0.99,
    "auc": 0.9991
  },
  "classification_report": {
    "Legitim": {
      "precision": 0.9942037827943868,
      "recall": 0.9848896947718344,
      "f1-score": 0.9895248216183391,
      "support": 3309.0
    },
    "Spam/Phishing": {
      "precision": 0.9855282199710564,
      "recall": 0.9944509345794392,
      "f1-score": 0.9899694723070214,
      "support": 3424.0
    },
    "accuracy": 0.989751967919204,
    "macro avg": {
      "precision": 0.9898660013827216,
      "recall": 0.9896703146756368,
      "f1-score": 0.9897471469626802,
      "support": 6733.0
    },
    "weighted avg": {
      "precision": 0.9897919118442778,
      "recall": 0.989751967919204,
      "f1-score": 0.9897509442914488,
      "support": 6733.0
    }
  }
}